rank,Ticker,decision_date,current_price_date,start_price,end_price,current_price,month_to_date_return,momentum
1,MSTR,2026-10-01,2026-10-02,93.38999938964844,160.5,160.00999450683594,-0.0030529937268788387,0.7185994330115628
2,PLTR,2026-10-01,2026-10-02,125.7300033569336,190.0399932861328,188.75,-0.006788009533290951,0.5114927878163675
3,WDAY,2026-10-01,2026-10-02,130.27000427246094,186.75,186.13999938964844,-0.0032664021973309865,0.43356101846293504
4,CRWD,2026-10-01,2026-10-02,193.18499755859372,266.0899963378906,270.0400085449219,0.014844647530512178,0.37738437094311394
5,MSFT,2026-10-01,2026-10-02,383.5579528808594,512.7999877929688,517.530029296875,0.009223950110185841,0.33695569063654496
6,LITE,2026-10-01,2026-10-02,801.1599731445312,1045.780029296875,1085.4200439453125,0.03790473477973122,0.30533234853485824
7,DXCM,2026-10-01,2026-10-02,68.86000061035156,86.2300033569336,85.36000061035156,-0.010089327527691427,0.2522509815948337
8,SHOP,2026-10-01,2026-10-02,121.62999725341795,149.08999633789062,151.38999938964844,0.015426944183063673,0.22576666697820724
9,PYPL,2026-10-01,2026-10-02,43.9614143371582,53.060001373291016,52.79999923706055,-0.0049001532133646775,0.20696756856710752
10,META,2026-10-01,2026-10-02,612.4266357421875,725.9299926757812,728.0800170898438,0.0029617517333007104,0.18533380213948614
